-- phpMyAdmin SQL Dump
-- version 5.2.1
-- https://www.phpmyadmin.net/
--
-- Хост: localhost
-- Время создания: Июн 15 2026 г., 07:59
-- Версия сервера: 10.4.28-MariaDB
-- Версия PHP: 8.2.4

SET SQL_MODE = "NO_AUTO_VALUE_ON_ZERO";
START TRANSACTION;
SET time_zone = "+00:00";


/*!40101 SET @OLD_CHARACTER_SET_CLIENT=@@CHARACTER_SET_CLIENT */;
/*!40101 SET @OLD_CHARACTER_SET_RESULTS=@@CHARACTER_SET_RESULTS */;
/*!40101 SET @OLD_COLLATION_CONNECTION=@@COLLATION_CONNECTION */;
/*!40101 SET NAMES utf8mb4 */;

--
-- База данных: `med_coop`
--

-- --------------------------------------------------------

--
-- Структура таблицы `Cabinet`
--

CREATE TABLE `Cabinet` (
  `IND` int(11) UNSIGNED NOT NULL,
  `CabinetCheckup` enum('False','True') NOT NULL DEFAULT 'False'
) ENGINE=InnoDB DEFAULT CHARSET=utf8mb4 COLLATE=utf8mb4_general_ci;

--
-- Дамп данных таблицы `Cabinet`
--

INSERT INTO `Cabinet` (`IND`, `CabinetCheckup`) VALUES
(1, 'False'),
(2, 'True');

-- --------------------------------------------------------

--
-- Структура таблицы `Category`
--

CREATE TABLE `Category` (
  `IND` int(11) UNSIGNED NOT NULL,
  `Naiming` varchar(255) NOT NULL
) ENGINE=InnoDB DEFAULT CHARSET=utf8mb4 COLLATE=utf8mb4_general_ci;

--
-- Дамп данных таблицы `Category`
--

INSERT INTO `Category` (`IND`, `Naiming`) VALUES
(1, 'Первая категория'),
(2, 'Вторая категория'),
(3, 'Высшая категория');

-- --------------------------------------------------------

--
-- Структура таблицы `Checkup`
--

CREATE TABLE `Checkup` (
  `IND` int(11) UNSIGNED NOT NULL,
  `Patient` int(11) UNSIGNED DEFAULT NULL,
  `Doctor` int(11) UNSIGNED DEFAULT NULL,
  `Cabinet` int(11) UNSIGNED DEFAULT NULL,
  `Symptom` int(11) UNSIGNED DEFAULT NULL,
  `Diagnosis` int(11) UNSIGNED DEFAULT NULL,
  `Date` date DEFAULT NULL
) ENGINE=InnoDB DEFAULT CHARSET=utf8mb4 COLLATE=utf8mb4_general_ci;

--
-- Дамп данных таблицы `Checkup`
--

INSERT INTO `Checkup` (`IND`, `Patient`, `Doctor`, `Cabinet`, `Symptom`, `Diagnosis`, `Date`) VALUES
(1, 12, 8, 1, NULL, 1, '2026-06-05'),
(2, 21, 22, 2, NULL, 2, '2026-05-10'),
(3, 22, 23, 1, NULL, 3, '2026-05-12'),
(4, 23, 24, 2, NULL, 1, '2026-05-15'),
(5, 24, 25, 1, NULL, 5, '2026-05-18'),
(6, 25, 26, 2, NULL, 4, '2026-05-20'),
(7, 26, 27, 1, NULL, 6, '2026-05-22'),
(8, 27, 28, 2, NULL, 7, '2026-05-25'),
(9, 28, 29, 1, NULL, 8, '2026-05-27'),
(10, 29, 30, 2, NULL, 9, '2026-05-29'),
(11, 30, 31, 1, NULL, 10, '2026-06-01'),
(12, 31, 32, 2, NULL, 11, '2026-06-02'),
(13, 32, 33, 1, NULL, 12, '2026-06-03'),
(14, 33, 34, 2, NULL, 13, '2026-06-04'),
(15, 34, 35, 1, NULL, 14, '2026-06-05'),
(16, 35, 21, 2, NULL, 15, '2026-06-06');

-- --------------------------------------------------------

--
-- Структура таблицы `Diagnosis`
--

CREATE TABLE `Diagnosis` (
  `IND` int(11) UNSIGNED NOT NULL,
  `Naming` varchar(255) NOT NULL
) ENGINE=InnoDB DEFAULT CHARSET=utf8mb4 COLLATE=utf8mb4_general_ci;

--
-- Дамп данных таблицы `Diagnosis`
--

INSERT INTO `Diagnosis` (`IND`, `Naming`) VALUES
(1, 'ОРВИ'),
(2, 'Грипп'),
(3, 'Пневмония'),
(4, 'Бронхит'),
(5, 'Гипертония'),
(6, 'Гастрит'),
(7, 'Сахарный диабет'),
(8, 'Артрит'),
(9, 'Атеросклероз'),
(10, 'Панкреатит'),
(11, 'Ангина'),
(12, 'Тонзиллит'),
(13, 'Аллергия'),
(14, 'Астма'),
(15, 'Остеохондроз');

-- --------------------------------------------------------

--
-- Структура таблицы `Doctor`
--

CREATE TABLE `Doctor` (
  `IND` int(11) UNSIGNED NOT NULL,
  `Surname` varchar(255) NOT NULL,
  `Name` varchar(255) NOT NULL,
  `Patronymic` varchar(255) NOT NULL,
  `Category` int(11) UNSIGNED DEFAULT NULL
) ENGINE=InnoDB DEFAULT CHARSET=utf8mb4 COLLATE=utf8mb4_general_ci;

--
-- Дамп данных таблицы `Doctor`
--

INSERT INTO `Doctor` (`IND`, `Surname`, `Name`, `Patronymic`, `Category`) VALUES
(1, 'Любименко', 'Александр', 'Владимирович', 1),
(2, 'Ненашева', 'Елена', 'Валентиновна', 1),
(3, 'Элназаров', 'Шахбоз', 'Шоазизович', 2),
(4, 'Быченко', 'Ольга', 'Алексеевна', 2),
(5, 'Фурсова', 'Наталья', 'Николаевна', 3),
(6, 'Чеботаева', 'Елена', 'Николаевна', 3),
(7, 'Орлов', 'Сергей', 'Викторович', 3),
(8, 'Орлова', 'Полина', 'Андреевна', 1),
(9, 'Терещенко', 'Захар', 'Андреевич', 2),
(10, 'Андросенко', 'Кирилл', 'Арсенович', NULL),
(11, 'Алексейцев', 'Артем', 'Артемович', 1),
(12, 'Лисин', 'Егор', 'Константинович', 3),
(13, 'Шумкова', 'Елизавета', 'Романова', 3),
(14, 'Мирошина', 'Мария', 'Николаевна', 3),
(15, 'Бубенко', 'Андрей', 'Михайлович', 1),
(16, 'Плешивцева', 'Анастасия', 'Андреевна', 2),
(17, 'Ушакова', 'Дарья', 'Андреевна', 1),
(18, 'Пустовойтов', 'Михаил', 'Анатольевич', 2),
(19, 'Смирнов', 'Алексей', 'Васильевич', 3),
(20, 'Козлова', 'Анна', 'Александровна', 2),
(21, 'Коваленко', 'Оксана', 'Игоревна', 2),
(22, 'Дорохов', 'Павел', 'Андреевич', 1),
(23, 'Зуева', 'Марина', 'Владимировна', 3),
(24, 'Колесников', 'Виталий', 'Олегович', NULL),
(25, 'Панова', 'Надежда', 'Петровна', 2),
(26, 'Рыбаков', 'Артур', 'Сергеевич', 1),
(27, 'Киселева', 'Юлия', 'Васильевна', 3),
(28, 'Широков', 'Иван', 'Анатольевич', 2),
(29, 'Борисова', 'Инна', 'Федоровна', 1),
(30, 'Попов', 'Григорий', 'Николаевич', 3),
(31, 'Савельева', 'Людмила', 'Александровна', 2),
(32, 'Королев', 'Олег', 'Витальевич', 1),
(33, 'Третьякова', 'Евгения', 'Владимировна', NULL),
(34, 'Гусев', 'Антон', 'Станиславович', 2),
(35, 'Данилова', 'Анна', 'Михайловна', 3),
(36, 'Кузьмин', 'Юрий', 'Иванович', 1),
(37, 'Мельникова', 'Елизавета', 'Алексеевна', 2),
(38, 'Захаров', 'Владислав', 'Вячеславович', 3),
(39, 'Семенова', 'Софья', 'Дмитриевна', 1),
(40, 'Беляков', 'Александр', 'Павлович', 2);

-- --------------------------------------------------------

--
-- Структура таблицы `Gender`
--

CREATE TABLE `Gender` (
  `IND` int(11) UNSIGNED NOT NULL,
  `Naming` varchar(255) NOT NULL,
  `Shortnaming` varchar(255) NOT NULL
) ENGINE=InnoDB DEFAULT CHARSET=utf8mb4 COLLATE=utf8mb4_general_ci;

--
-- Дамп данных таблицы `Gender`
--

INSERT INTO `Gender` (`IND`, `Naming`, `Shortnaming`) VALUES
(1, 'Мужской', 'Муж.'),
(2, 'Женский', 'Жен.');

-- --------------------------------------------------------

--
-- Структура таблицы `Medicine`
--

CREATE TABLE `Medicine` (
  `IND` int(11) UNSIGNED NOT NULL,
  `Naming` varchar(255) NOT NULL,
  `Description` varchar(255) NOT NULL,
  `Side effect` varchar(255) NOT NULL,
  `Method` varchar(255) NOT NULL
) ENGINE=InnoDB DEFAULT CHARSET=utf8mb4 COLLATE=utf8mb4_general_ci;

--
-- Дамп данных таблицы `Medicine`
--

INSERT INTO `Medicine` (`IND`, `Naming`, `Description`, `Side effect`, `Method`) VALUES
(1, 'Амоксициллин', 'Антибиотик широкого спектра', 'Аллергия, диарея', 'По 500 мг 3 раза в день'),
(2, 'Ибупрофен', 'Нестероидное противовоспалительное', 'Тошнота, головокружение', 'По 200 мг при боли'),
(3, 'Парацетамол', 'Жаропонижающее, анальгетик', 'Редко — сыпь', 'По 500 мг при температуре'),
(4, 'Лоратадин', 'Противоаллергическое', 'Сонливость, сухость во рту', 'По 10 мг 1 раз в день'),
(5, 'Диазолин', 'Антигистаминное', 'Утомляемость, головная боль', 'По 100 мг 2 раза в день'),
(6, 'Нурофен', 'Противовоспалительное, жаропонижающее', 'Диспепсия, аллергия', 'По 400 мг до 3 раз в день'),
(7, 'Цитрамон', 'Обезболивающее, стимулирующее', 'Повышение давления, бессонница', 'По 1 таблетке 2-3 раза в день'),
(8, 'Амброксол', 'Отхаркивающее, муколитик', 'Сухость во рту, насморк', 'По 30 мг 3 раза в день'),
(9, 'Лазолван', 'Муколитическое средство', 'Слабость, тошнота', 'По 2 мл ингаляционно'),
(10, 'Флемоксин Солютаб', 'Антибиотик', 'Кандидоз, нарушение стула', 'По 250 мг 2 раза в день'),
(11, 'Дротаверин', 'Спазмолитик', 'Тошнота, тахикардия', 'По 40 мг при спазмах'),
(12, 'Аскорбиновая кислота', 'Витаминное средство', 'Аллергия, раздражение ЖКТ', 'По 100 мг 2 раза в день'),
(13, 'Ренгалин', 'Противовоспалительное, противовирусное', 'Аллергические реакции', 'По 1 таблетке 3 раза в день'),
(14, 'Арбидол', 'Противовирусное', 'Редко — аллергия', 'По 200 мг 4 раза в день'),
(15, 'Ингавирин', 'Противовирусное, иммуномодулирующее', 'Аллергические проявления', 'По 90 мг 1 раз в день'),
(16, 'Фаспик', 'Обезболивающее, жаропонижающее', 'Головокружение, бессонница', 'По 1 пакетику 2 раза в день'),
(17, 'Мирамистин', 'Антисептик', 'Жжение в месте нанесения', 'Орошать горло 3 раза в день'),
(18, 'Хлоргексидин', 'Антисептический раствор', 'Сухость, временное окрашивание зубов', 'Полоскать 2 раза в день'),
(19, 'Бромгексин', 'Муколитическое средство', 'Диспепсия, головная боль', 'По 8 мг 3-4 раза в день'),
(20, 'Мезим', 'Ферментное средство', 'Тошнота, аллергия', 'По 1-2 таблетки перед едой');

-- --------------------------------------------------------

--
-- Структура таблицы `Patient`
--

CREATE TABLE `Patient` (
  `IND` int(11) UNSIGNED NOT NULL,
  `Surname` varchar(255) NOT NULL,
  `Name` varchar(255) NOT NULL,
  `Patronymic` varchar(255) NOT NULL,
  `Gender` int(11) UNSIGNED DEFAULT NULL,
  `Birth` date DEFAULT NULL,
  `Address` varchar(255) NOT NULL
) ENGINE=InnoDB DEFAULT CHARSET=utf8mb4 COLLATE=utf8mb4_general_ci;

--
-- Дамп данных таблицы `Patient`
--

INSERT INTO `Patient` (`IND`, `Surname`, `Name`, `Patronymic`, `Gender`, `Birth`, `Address`) VALUES
(1, 'Дмитриев', 'Алексей', 'Иванович', 1, '2001-03-12', 'Ленина, 54'),
(2, 'Чуркин', 'Игорь', 'Альбертович', 1, '1994-09-13', 'Балтийская, 22'),
(3, 'Филиппова', 'Оксана', 'Владимировна', 2, '2001-04-15', 'Попова, 215А'),
(4, 'Худяков', 'Владимир', 'Вячеславович', 1, '2013-12-01', 'Антона-Петрова, 12'),
(5, 'Горбунова', 'Ольга', 'Анатольевна', 2, '2002-09-11', 'Лазурная, 52'),
(7, 'Чистозвонова', 'Елена', 'Борисовна', 2, '1984-06-22', 'Ленина, 118'),
(8, 'Климов', 'Александр', 'Анатольевич', 1, '1999-03-17', 'Космонавтов, 13'),
(9, 'Алексеевна', 'Янаа', 'Павловна', 1, '1983-09-03', 'Балтийская, 10'),
(10, 'Прокофьев', 'Виталий', 'Богданович', 1, '2002-02-22', 'Георгия-Исакова, 79'),
(11, 'Крапивова', 'Маргарита', 'Александровна', 2, '1994-05-31', 'Попова, 21'),
(12, 'Каспарян', 'Юрий', 'Артемович', 1, '2015-03-24', 'Светлая, 28'),
(13, 'Цой', 'Евгений', 'Витальевич', 1, '1998-08-16', 'Советская, 48'),
(14, 'Русакова', 'Ульяна', 'Даниловна', 2, '2005-04-27', 'Партизанская, 33'),
(15, 'Исаков', 'Валерий', 'Альбертович', 1, '1973-12-28', 'Взлетная, 39'),
(16, 'Малинов', 'Олег', 'Вольфович', 1, '1988-11-28', 'Силикатная, 89'),
(17, 'Макаров', 'Макар', 'Денисович', 1, '2018-10-16', 'Молодежная, 23'),
(18, 'Конева', 'Юля', 'Дмитриевна', 2, '2000-04-18', 'Партизанская, 7'),
(19, 'Разуменко', 'Богдан', 'Вадимович', 1, '2005-08-15', 'Лучезарная, 23'),
(20, 'Резькова', 'Анастасия', 'Андреевна', 2, '1969-06-12', 'Антона-Петрова, 219Б'),
(21, 'Иванов', 'Сергей', 'Петрович', 1, '1990-05-15', 'Центральная, 10'),
(22, 'Петрова', 'Мария', 'Ивановна', 2, '1985-07-22', 'Садовая, 25'),
(23, 'Сидоров', 'Андрей', 'Александрович', 1, '1995-11-30', 'Лесная, 8'),
(24, 'Кузнецова', 'Елена', 'Викторовна', 2, '1988-03-18', 'Речная, 42'),
(25, 'Васильев', 'Дмитрий', 'Сергеевич', 1, '1992-09-05', 'Горная, 15'),
(26, 'Зумер', 'Иван', 'Андреевич', 1, '2003-02-01', 'Электросталь 24'),
(27, 'Ра', 'оу', 'Ес', 2, '2026-06-10', 'Бла 32'),
(26, 'Морозов', 'Илья', 'Денисович', 1, '1991-02-10', 'Ленина, 67'),
(27, 'Волкова', 'Екатерина', 'Алексеевна', 2, '1987-08-24', 'Советская, 12'),
(28, 'Соколов', 'Никита', 'Романович', 1, '2003-11-05', 'Мира, 9'),
(29, 'Лебедева', 'Татьяна', 'Владимировна', 2, '1996-06-17', 'Пушкина, 33'),
(30, 'Павлов', 'Максим', 'Юрьевич', 1, '1982-12-01', 'Гагарина, 21'),
(31, 'Егорова', 'Алина', 'Дмитриевна', 2, '2000-09-20', 'Лермонтова, 14'),
(32, 'Николаев', 'Артем', 'Игоревич', 1, '1993-04-08', 'Чайковского, 5'),
(33, 'Андреева', 'Виктория', 'Павловна', 2, '1989-10-30', 'Кирова, 76'),
(34, 'Тимофеев', 'Даниил', 'Евгеньевич', 1, '2005-07-19', 'Октябрьская, 18'),
(35, 'Орлова', 'Анастасия', 'Сергеевна', 2, '1998-03-25', 'Жукова, 43'),
(36, 'Федоров', 'Глеб', 'Антонович', 1, '1990-11-11', 'Комсомольская, 7'),
(37, 'Белова', 'Светлана', 'Ивановна', 2, '1984-05-02', 'Красная, 56'),
(38, 'Тарасов', 'Роман', 'Викторович', 1, '2001-09-14', 'Буденного, 29'),
(39, 'Казакова', 'Ольга', 'Михайловна', 2, '1995-12-30', 'Садовая, 11'),
(40, 'Никитин', 'Матвей', 'Александрович', 1, '2010-04-22', 'Московская, 37'),
(41, 'Куликова', 'Ирина', 'Валерьевна', 2, '1986-08-13', 'Луговая, 4'),
(42, 'Соболев', 'Арсений', 'Денисович', 1, '1999-01-27', 'Цветочная, 62'),
(43, 'Макарова', 'Полина', 'Андреевна', 2, '2002-10-08', 'Новая, 91'),
(44, 'Гришин', 'Кирилл', 'Сергеевич', 1, '1994-06-03', 'Заречная, 45'),
(45, 'Фролова', 'Дарья', 'Алексеевна', 2, '2007-11-18', 'Строителей, 2');

-- --------------------------------------------------------

--
-- Структура таблицы `Prescription`
--

CREATE TABLE `Prescription` (
  `IND` int(11) UNSIGNED NOT NULL,
  `Checkup` int(11) UNSIGNED DEFAULT NULL,
  `Medicine` int(11) UNSIGNED DEFAULT NULL,
  `Method` varchar(255) NOT NULL
) ENGINE=InnoDB DEFAULT CHARSET=utf8mb4 COLLATE=utf8mb4_general_ci;

--
-- Дамп данных таблицы `Prescription`
--

INSERT INTO `Prescription` (`IND`, `Checkup`, `Medicine`, `Method`) VALUES
(1, 1, 1, 'По 1 таблетке 2 раза в день'),
(2, 2, 2, 'При боли и температуре'),
(3, 3, 3, 'При температуре выше 38'),
(4, 4, 4, 'При аллергии'),
(5, 5, 5, 'По 2 таблетки в день'),
(6, 6, 6, 'При сильной боли'),
(7, 7, 7, 'При головной боли'),
(8, 8, 8, 'При кашле'),
(9, 9, 9, 'Ингаляции 2 раза в день'),
(10, 10, 10, 'Курс 7 дней'),
(11, 11, 11, 'При спазмах'),
(12, 12, 12, 'Для иммунитета'),
(13, 13, 13, 'По 1 таблетке 3 раза'),
(14, 14, 14, 'Противовирусный курс'),
(15, 15, 15, 'По 1 капсуле в день'),
(16, 16, 16, 'По 1 пакетику 2 раза'),
(17, 4, 17, 'Полоскание горла'),
(18, 5, 18, 'Полоскать 2 раза в день'),
(19, 8, 19, 'По 1 таблетке 3 раза'),
(20, 10, 20, 'Перед едой');

-- --------------------------------------------------------

--
-- Структура таблицы `Symptom`
--

CREATE TABLE `Symptom` (
  `IND` int(11) NOT NULL,
  `Naming` varchar(255) NOT NULL,
  `ShortNaming` varchar(255) NOT NULL
) ENGINE=InnoDB DEFAULT CHARSET=utf8mb4 COLLATE=utf8mb4_general_ci;

--
-- Дамп данных таблицы `Symptom`
--

INSERT INTO `Symptom` (`IND`, `Naming`, `ShortNaming`) VALUES
(1, 'Кашель', 'Каш.'),
(2, 'Насморк', 'Нас.'),
(3, 'Слабость', 'Слаб.'),
(4, 'Головная боль', 'Голов.'),
(5, 'Боль в животе', 'Живот.'),
(6, 'Тошнота', 'Тош.'),
(7, 'Температура', 'Темп.'),
(8, 'Боль в горле', 'Горло'),
(9, 'Сыпь', 'Сыпь'),
(10, 'Одышка', 'Одыш.'),
(11, 'Боль в спине', 'Спина'),
(12, 'Боль в груди', 'Грудь'),
(13, 'Головокружение', 'Голов'),
(14, 'Потеря аппетита', 'Аппет'),
(15, 'Озноб', 'Озноб'),
(16, 'Потливость', 'Пот'),
(17, 'Бессонница', 'Сон'),
(18, 'Боль в суставах', 'Суставы'),
(19, 'Шум в ушах', 'Уши'),
(20, 'Повышенное давление', 'Давл');

-- --------------------------------------------------------

--
-- Структура таблицы `symptomcheckup`
--

CREATE TABLE `symptomcheckup` (
  `IND` int(11) UNSIGNED NOT NULL,
  `Symptom` int(11) DEFAULT NULL,
  `Checkup` int(11) DEFAULT NULL
) ENGINE=InnoDB DEFAULT CHARSET=utf8mb4 COLLATE=utf8mb4_general_ci;

--
-- Дамп данных таблицы `symptomcheckup`
--

INSERT INTO `symptomcheckup` (`IND`, `Symptom`, `Checkup`) VALUES
(1, 1, 2),
(2, 2, 2),
(3, 3, 3),
(4, 4, 4),
(5, 7, 5),
(6, 8, 6),
(7, 10, 7),
(8, 11, 8),
(9, 13, 9),
(10, 15, 10);
COMMIT;

/*!40101 SET CHARACTER_SET_CLIENT=@OLD_CHARACTER_SET_CLIENT */;
/*!40101 SET CHARACTER_SET_RESULTS=@OLD_CHARACTER_SET_RESULTS */;
/*!40101 SET COLLATION_CONNECTION=@OLD_COLLATION_CONNECTION */;
